Feature Area,Scenario,Message
Chat,A user receives a new chat message in an order/request conversation,"Title: ""New message from [Sender Name]"". Body: [the message text], or ""Sent a photo"" / ""Sent an attachment"" if there was no text."
Chat,A client asks the AI assistant for help/support in chat (admin alert),"Title: ""Support requested via AI Assistant"". Body: ""[Client Name] asked for support: '[first 300 characters of their message]'"""
Client Request,A client submits a new custom request,"Title: ""New Request"". Body (direct to one artist): ""You've received a direct request from [Client Name]."" Body (open to artist pool): ""Great news! [Client Name] has submitted a new nail request"""
Client Request,A client adds other people to a group order,"Title: ""[Requester Name] added you to a group order"". Body: ""You're one of [Total People] people on this order."""
Client Request,An artist accepts a client's request (solo order),"Title: ""Request Accepted"". Body: ""[Artist Name] accepted your request [Order Number]. Final amount: $[Amount]."" (Group orders add: "" Pay to confirm."")"
Client Request,An artist accepts a group order,"Title: ""Request Accepted"". Body: ""[Artist Name] accepted the group order. Your payment amount: $[Share Amount]."""
Client Request,An artist declines a direct request (request is cancelled),"Title: ""Request Cancelled"". Body: ""Declined by Artist [Artist Name]"""
Client Request,A client completes payment for an accepted request,"Title: ""Payment Done"". Body: ""Client completed payment for your accepted request."" (or, when an order number is available) ""Payment completed for order [Order Number]."""
Client Request,A client's request auto-expires without being accepted,"Title: ""Request Expired"". Body: ""Your request is expired. Please resubmit"""
Client Request,A client cancels their own request,"Title: ""Client Cancelled Request"". Body: ""Client has cancelled the request. Reason: [Reason]"""
Client Request,An artist marks the design as completed,"Title: ""Order Completed"". Body: ""Your nails are done! (nail polish emoji) [Artist Name] just uploaded your final look."" Companion SMS: ""JNT: Your completed design for order [Order Number] is ready for review. Please accept or decline in the app."""
Client Request,An artist marks a request as shipped,"Title: ""Order Shipped"". Body: ""[Artist Name] has shipped your [Campaign Name] on [Shipped Date]"""
Client Request,An artist marks a request as delivered,"Title: ""Order Delivered: Review & Tip"". Body: ""Your order has been delivered. Open the app to leave a rating, comments, and tip your artist."""
Client Request,Follow-up reminder sent after delivery (separate reminder pass),"Title: ""Review & Tip Your Artist"". Body: ""Your order has been delivered. Please leave a quick review and tip in the app."" Companion SMS: ""JNT: Your order was delivered. Open the app to leave your review and tip."""
Client Request,A client submits a review of the artist,"Title: ""New Client Review"". Body: ""A client left a [Rating] star review on a delivered order."""
Client Request,A client submits a tip along with their review,"Title: ""New Client Tip"". Body: ""A client sent you a tip of $[Amount] on a delivered order."""
Client Request,A client's own review/tip submission is confirmed to them,"Title: ""Order Completed"". Body: ""You completed your order review successfully. Thank you for your feedback."""
Client Request,Admin copy — a client submits a review,"Title: ""Client Review Submitted"". Body: ""Client submitted a [Rating] star review for delivered order [Order Number] (Artist: [Artist Name])."""
Brand Request,A brand submits a new campaign request,"Title: ""New Brand Request"". Body: ""Received brand request from [Brand Name], [Campaign Name]"""
Brand Request,Admin copy — a new brand request is created,"Title: ""New Brand Request"". Body: ""New Brand request [Order Number] from [Brand Name] [Campaign Name] is created."""
Brand Request,A client accepts a brand request,"Title: ""Brand Request Accepted"". Body: ""[Client Name] has accepted your [Campaign Name] brand request [Order Number]"""
Brand Request,Admin copy — a client accepts a brand request,"Title: ""Brand Request Accepted"". Body: ""[Client Name] has accepted the [Brand Name] [Campaign Name] brand request [Order Number]"""
Brand Request,A client's acceptance releases the request to the artist pool (or a direct artist),"Title: ""Brand Request Available"". Body: ""You have received a Brand request [Order Number] for [Client Name] from [Brand Name] [Campaign Name]"""
Brand Request,A directly-assigned artist declines a brand request,"Title: ""Brand Request Declined"". Body: ""[Artist Name] has denied [Brand Name] [Campaign Name] brand request [Order Number] for [Client Name]"""
Brand Request,An artist accepts a brand request,"Title: ""Brand Request Accepted"". Body: ""[Artist Name] accepted your [Campaign Name] brand request [Order Number]. Final amount: $[Amount]."" (Group/brand-paid orders add: "" Pay to confirm."")"
Brand Request,An artist marks a brand request as completed,"Title: ""Brand Request Completed"". To Brand: ""[Artist Name] has completed your [Campaign Name] brand request [Order Number] for [Client Name]"". To Client: ""Your [Campaign Name] Brand request [Order Number] is completed by [Artist Name]"""
Brand Request,Admin copy — a brand request is completed,"Title: ""Brand Request Completed"". Body: ""[Artist Name] has completed [Brand Name] [Campaign Name] brand request [Order Number] for [Client Name]"""
Brand Request,An artist marks a brand request as shipped,"Title: ""Brand Request Shipped"". Body (sent to both Brand and Client): ""[Artist Name] has shipped your [Campaign Name] on [Shipped Date]"""
Brand Request,Admin copy — a brand request is shipped,"Title: ""Brand Request Shipped"". Body: ""[Artist Name] has shipped [Brand Name] [Campaign Name] brand request [Order Number] to [Client Name]"""
Brand Request,An artist marks a brand request as delivered,"Title: ""Brand Request Delivered"". To Brand: ""Delivered: [Campaign Name] brand request [Order Number] to [Client Name]"". To Artist (self-copy): ""You marked [Campaign Name] brand request [Order Number] as delivered to [Client Name]"". To Client: ""Your [Campaign Name] Brand request [Order Number] has been delivered"""
Brand Request,Remaining artist pool is informed a brand request is no longer available after delivery,"Title: ""Brand Request Delivered"". Body: ""Delivered: [Campaign Name] brand request [Order Number] to [Client Name]"""
Brand Request,Admin copy — a brand request is delivered,"Title: ""Brand Request Delivered"". Body: ""Delivered: [Campaign Name] brand request [Order Number] to [Client Name]"""
Brand Request,Payment is completed on a brand order,"Title: ""Payment Done"". Body: ""Client completed payment for your accepted request."" (or, when an order number is available) ""Payment completed for order [Order Number]."""
Brand Request,A brand request auto-expires without being accepted,"Title: ""Brand Request Expired"". To Brand: ""Your [Campaign Name] brand request [Order Number] has been expired [Expiration Reason]"". To accepted Client: ""Your [Brand Name] [Campaign Name] brand request [Order Number] has been expired [Expiration Reason]"""
Brand Request,Admin copy — a brand request expires,"Title: ""Brand Request Expired"". Body: ""[Brand Name] [Campaign Name] brand request [Order Number] has been expired [Expiration Reason]"""
Brand Request,A brand cancels its own request,"Title: ""Brand Request Cancelled"". To Brand recipients: ""[Brand Name] cancelled your Campaign: [Campaign Name] [Order Number] [Reason]"". To eligible Clients: ""Your Campaign [Campaign Name] [Order Number] has been cancelled [Reason] by [Brand Name]"". To Artist pool: ""[Brand Name] cancelled Campaign [Campaign Name] [Order Number] [Reason] for [Client Name]"""
Brand Request,Admin copy — a brand cancels its own request,"Title: ""Brand Request Cancelled"". Body: ""[Brand Name] cancelled Campaign [Campaign Name] [Order Number] [Reason]"""
Brand Request,An accepted client cancels a brand request via timeout,"Title: ""Brand Request Cancelled"". To Brand: ""Your [Campaign Name] brand request [Order Number] has been cancelled [Cancellation Reason]"". To Client: ""Your [Brand Name] [Campaign Name] brand request [Order Number] has been cancelled [Cancellation Reason]"""
Brand Request,Admin copy — a brand request is cancelled by timeout,"Title: ""Brand Request Cancelled"". Body: ""[Brand Name] [Campaign Name] brand request [Order Number] has been cancelled [Cancellation Reason]"""
Brand Request,A client explicitly cancels a brand request,"Title: ""Brand Request Cancelled"". To Brand: ""[Client Name] cancelled your [Campaign Name] brand request [Order Number] [Reason]"". To Artist pool: ""[Client Name] cancelled the [Brand Name] [Campaign Name] brand request [Order Number] [Reason]"""
Brand Request,Admin copy — a client cancels a brand request,"Title: ""Brand Request Cancelled"". Body: ""[Client Name] cancelled the [Brand Name] [Campaign Name] brand request [Order Number] [Reason]"""
Registration,A new client account registers (admin alert),"Title: ""New User Registered"". Body: ""New Client: [Client Name] registered"""
Registration,A new artist/brand/client-artist account registers,No notification currently exists for these roles.
Registration,User is on the email-verification-pending screen (on-screen only, not a saved notification),"""Verification email sent."" / ""Failed to resend verification email."""
Ambassador/Payout,A client who is an ambassador has no payout method on file,"Title: ""Payout method required"". Body: ""Please update your payout method in your profile."""
Email,Order shipped (non-brand order),"Subject: ""Your order has shipped — #[Order Number]"""
Email,Brand order shipped,"Subject: ""Your [Campaign Name] order has shipped — #[Order Number]"""
Email,Shipment confirmation copy sent to the artist,"Subject: ""Shipment confirmed — order #[Order Number]"" (or) ""Shipment confirmed — [Campaign Name] order #[Order Number]"""
Email,Campaign shipped notice sent to the brand contact,"Subject: ""[Campaign Name] order has shipped — #[Order Number]"""
Email,Order delivered — review/tip prompt,"Subject: ""Your order has arrived — rate & tip [Artist Name]?"""
SMS,"Design completed, awaiting client accept/decline","""JNT: Your completed design for order [Order Number] is ready for review. Please accept or decline in the app."""
SMS,Order delivered — review/tip reminder,"""JNT: Your order was delivered. Open the app to leave your review and tip."""
